,loss,accuracy,lr
0,884.02490234375,0.0,0.009998000226914883
1,875.3538818359375,0.0,0.009996001608669758
2,877.983642578125,0.0,0.009994003921747208
3,836.2201538085938,0.0,0.009992006234824657
4,832.7921752929688,0.0,0.009990009479224682
5,833.99658203125,0.0,0.009988014586269855
6,832.674072265625,0.0,0.00998601969331503
7,832.7291259765625,0.0,0.009984024800360203
8,828.9196166992188,0.0,0.0099820327013731
9,826.6047973632812,0.0,0.009980039671063423
10,828.8428344726562,0.0,0.00997804757207632
11,828.3113403320312,0.0,0.009976056404411793
12,825.9432373046875,0.0,0.009974068030714989
13,827.0181274414062,0.0,0.009972077794373035
14,828.6448974609375,0.0,0.009970089420676231
15,827.6543579101562,0.0,0.009968101046979427
16,826.305419921875,0.0,0.009966115467250347
17,826.3025512695312,0.0,0.009964128956198692
18,826.4677734375,0.0,0.009962143376469612
19,826.290283203125,0.0,0.009960159659385681
20,826.3764038085938,0.0,0.00995817594230175
21,826.3720092773438,0.0,0.00995619222521782
22,826.0159301757812,0.0,0.009954210370779037
23,825.8004150390625,0.0,0.00995222944766283
24,826.0120849609375,0.0,0.009950248524546623
25,826.3118286132812,0.0,0.00994826853275299
26,826.281005859375,0.0,0.009946290403604507
27,825.9949340820312,0.0,0.009944312274456024
28,825.799072265625,0.0,0.009942334145307541
29,825.78515625,0.0,0.009940356947481632
30,825.78955078125,0.0,0.009938382543623447
31,825.7706298828125,0.0,0.009936407208442688
32,825.8218383789062,0.0,0.009934431873261929
33,825.8507690429688,0.0,0.009932458400726318
34,825.7197875976562,0.0,0.009930486790835857
35,825.5821533203125,0.0,0.009928514249622822
36,825.6146850585938,0.0,0.00992654263973236
37,825.7012329101562,0.0,0.009924573823809624
38,825.6858520507812,0.0,0.009922604076564312
39,825.6282958984375,0.0,0.009920634329319
40,825.611572265625,0.0,0.009918666444718838
41,825.5757446289062,0.0,0.00991669949144125
42,825.5072021484375,0.0,0.009914733469486237
43,825.5115356445312,0.0,0.009912767447531223
44,825.5615234375,0.0,0.00991080328822136
45,825.5263061523438,0.0,0.009908839128911495
46,825.4588623046875,0.0,0.009906874969601631
47,825.4446411132812,0.0,0.009904911741614342
48,825.4249877929688,0.0,0.009902951307594776
49,825.394287109375,0.0,0.009900989942252636
50,825.3967895507812,0.0,0.00989902950823307
51,825.3720703125,0.0,0.00989707000553608
52,825.3027954101562,0.0,0.009895111434161663
53,825.2635498046875,0.0,0.009893153794109821
54,825.230712890625,0.0,0.00989119615405798
55,825.1748046875,0.0,0.009889240376651287
56,825.12646484375,0.0,0.009887284599244595
57,825.0447998046875,0.0,0.009885329753160477
58,824.9474487304688,0.0,0.009883375838398933
59,824.8701171875,0.0,0.009881422854959965
60,824.7496337890625,0.0,0.009879469871520996
61,824.5975952148438,0.0,0.009877517819404602
62,824.4097900390625,0.0,0.009875568561255932
63,824.1988525390625,0.0,0.009873617440462112
64,823.99560546875,0.0,0.009871668182313442
65,823.73681640625,0.0,0.009869718924164772
66,823.509765625,0.0,0.009867772459983826
67,823.3339233398438,0.0,0.009865825064480305
68,823.1259765625,0.0,0.009863877668976784
69,822.7047119140625,0.0,0.009861932136118412
70,821.9714965820312,0.0,0.00985998846590519
71,824.7978515625,0.0,0.009858043864369392
72,832.1259765625,0.0,0.00985610019415617
73,828.337646484375,0.0,0.009854158386588097
74,829.92724609375,0.0,0.009852216579020023
75,824.8920288085938,0.0,0.009850275702774525
76,826.2357177734375,0.0,0.009848334826529026
77,828.3814086914062,0.0,0.009846396744251251
78,827.9176025390625,0.0,0.009844457730650902
79,826.5221557617188,0.0,0.009842518717050552
80,825.0147705078125,0.0,0.009840582497417927
81,824.6078491210938,0.0,0.009838646277785301
82,825.360107421875,0.0,0.009836710058152676
83,826.1865844726562,0.0,0.009834774769842625
84,825.8226928710938,0.0,0.009832842275500298
85,824.6571044921875,0.0,0.009830907918512821
86,824.4390258789062,0.0,0.009828975424170494
87,824.7350463867188,0.0,0.009827042929828167
88,825.1043701171875,0.0,0.009825113229453564
89,825.1021118164062,0.0,0.009823182597756386
90,824.4602661132812,0.0,0.009821252897381783
91,823.9052124023438,0.0,0.009819325059652328
92,823.7816772460938,0.0,0.0098173962906003
93,823.9701538085938,0.0,0.009815468452870846
94,824.1211547851562,0.0,0.009813541546463966
95,823.7056274414062,0.0,0.00981161743402481
96,823.2974853515625,0.0,0.009809691458940506
97,823.25390625,0.0,0.00980776734650135
98,823.44873046875,0.0,0.00980584416538477
99,823.2801513671875,0.0,0.009803921915590763
100,822.7963256835938,0.0,0.009801999665796757
101,822.871826171875,0.0,0.00980007741600275
102,822.0889892578125,0.0,0.009798157960176468
103,822.0620727539062,0.0,0.009796238504350185
104,821.63232421875,0.0,0.009794319048523903
105,824.309814453125,0.0,0.00979240145534277
106,819.7205200195312,0.0,0.009790483862161636
107,828.736083984375,0.0,0.009788566268980503
108,826.5941772460938,0.0,0.009786650538444519
109,825.9025268554688,0.0,0.00978473573923111
110,825.606201171875,0.0,0.0097828209400177
111,825.4974975585938,0.0,0.009780907072126865
112,825.4578247070312,0.0,0.009778994135558605
113,825.531005859375,0.0,0.009777083061635494
114,826.971923828125,0.0,0.009775171056389809
115,838.4475708007812,0.0,0.009773259982466698
116,845.3096313476562,0.0,0.009771350771188736
117,829.4879760742188,0.0,0.009769441559910774
118,830.9649658203125,0.0,0.009767532348632812
119,834.6157836914062,0.0,0.009765624068677425
120,829.6548461914062,0.0,0.009763718582689762
121,828.94677734375,0.0,0.00976181123405695
122,831.89892578125,0.0,0.009759905748069286
123,831.4983520507812,0.0,0.009758002124726772
124,829.0420532226562,0.0,0.009756097570061684
125,828.8687133789062,0.0,0.00975419394671917
126,830.3323364257812,0.0,0.00975229125469923
127,830.3265380859375,0.0,0.00975039042532444
128,828.9249877929688,0.0,0.009748488664627075
129,828.3966674804688,0.0,0.009746587835252285
130,829.1539916992188,0.0,0.00974468793720007
131,829.2926635742188,0.0,0.009742790833115578
132,828.1444702148438,0.0,0.009740891866385937
133,827.297607421875,0.0,0.009738994762301445
134,827.4976196289062,0.0,0.009737098589539528
135,827.11669921875,0.0,0.00973520241677761
136,825.8294677734375,0.0,0.009733307175338268
137,826.1325073242188,0.0,0.009731411933898926
138,826.3641967773438,0.0,0.009729519486427307
139,826.0831298828125,0.0,0.009727626107633114
140,826.5491333007812,0.0,0.009725733660161495
141,825.4810791015625,0.0,0.009723843075335026
142,825.062255859375,0.0,0.009721952490508556
143,824.9700927734375,0.0,0.009720061905682087
144,824.8836669921875,0.0,0.009718172252178192
145,824.9523315429688,0.0,0.009716284461319447
146,824.6400756835938,0.0,0.009714396670460701
147,823.99658203125,0.0,0.009712508879601955
148,824.0249633789062,0.0,0.009710622951388359
149,824.0060424804688,0.0,0.009708737954497337
150,823.7686157226562,0.0,0.009706852957606316
151,823.7141723632812,0.0,0.009704967960715294
152,823.2772216796875,0.0,0.009703085757791996
153,823.079833984375,0.0,0.009701202623546124
154,823.0103759765625,0.0,0.009699320420622826
155,822.5953979492188,0.0,0.009697439149022102
156,821.9205932617188,0.0,0.009695559740066528
157,825.1607055664062,0.0,0.00969367939978838
158,828.6649169921875,0.0,0.009691799990832806
159,827.3798217773438,0.0,0.00968992244452238
160,827.2472534179688,0.0,0.009688044898211956
161,827.6199951171875,0.0,0.009686168283224106
162,827.3837280273438,0.0,0.009684291668236256
163,826.3097534179688,0.0,0.009682416915893555
164,827.16015625,0.0,0.009680542163550854
165,827.1998291015625,0.0,0.009678667411208153
166,825.2256469726562,0.0,0.009676794521510601
167,827.6884765625,0.0,0.009674922563135624
168,827.55517578125,0.0,0.009673050604760647
169,824.9965209960938,0.0,0.009671179577708244
170,826.8021240234375,0.0,0.009669309481978416
171,824.8514404296875,0.0,0.009667440317571163
172,826.2383422851562,0.0,0.00966557115316391
173,824.6632080078125,0.0,0.009663701988756657
174,825.2196044921875,0.0,0.009661835618317127
175,824.3662109375,0.0,0.009659969247877598
176,824.5662231445312,0.0,0.009658102877438068
177,824.2283325195312,0.0,0.009656238369643688
178,823.8529052734375,0.0,0.009654373861849308
179,823.8814697265625,0.0,0.009652509354054928
180,823.2708129882812,0.0,0.009650645777583122
181,823.00537109375,0.0,0.009648784063756466
182,824.7534790039062,0.0,0.00964692234992981
183,822.5715942382812,0.0,0.009645061567425728
184,827.5899047851562,0.0,0.00964320171624422
185,831.6502075195312,0.0,0.009641341865062714
186,830.7742309570312,0.0,0.009639482945203781
187,832.56982421875,0.0,0.009637624956667423
188,829.8148193359375,0.0,0.00963576789945364
189,829.904296875,0.0,0.009633910842239857
190,830.557861328125,0.0,0.009632054716348648
191,829.8228759765625,0.0,0.009630199521780014
192,829.1945190429688,0.0,0.00962834618985653
193,829.2816162109375,0.0,0.00962649192661047
194,829.6298828125,0.0,0.009624638594686985
195,829.5725708007812,0.0,0.00962278712540865
196,829.2568359375,0.0,0.00962093472480774
197,829.2183837890625,0.0,0.009619084186851978
198,829.43603515625,0.0,0.009617233648896217
199,829.48779296875,0.0,0.009615384973585606
200,829.298583984375,0.0,0.00961353536695242
201,829.1906127929688,0.0,0.009611687622964382
202,829.3054809570312,0.0,0.00960984081029892
203,829.3949584960938,0.0,0.009607993997633457
204,829.29638671875,0.0,0.009606147184967995
205,829.1926879882812,0.0,0.009604302234947681
206,829.2377319335938,0.0,0.009602458216249943
207,829.3150634765625,0.0,0.009600614197552204
208,829.2839965820312,0.0,0.00959877111017704
209,829.2037963867188,0.0,0.009596928022801876
210,829.200927734375,0.0,0.009595087729394436
211,829.2567749023438,0.0,0.009593246504664421
212,829.2625122070312,0.0,0.009591405279934406
213,829.2108154296875,0.0,0.009589566849172115
214,829.1884155273438,0.0,0.00958772748708725
215,829.2188110351562,0.0,0.009585889056324959
216,829.2376708984375,0.0,0.009584051556885242
217,829.2116088867188,0.0,0.009582215920090675
218,829.18505859375,0.0,0.009580379351973534
219,829.1956176757812,0.0,0.009578543715178967
220,829.2144775390625,0.0,0.009576709941029549
221,829.2042846679688,0.0,0.009574875235557556
222,829.1818237304688,0.0,0.009573042392730713
223,829.1810302734375,0.0,0.00957120954990387
224,829.1935424804688,0.0,0.009569378569722176
225,829.1897583007812,0.0,0.009567546658217907
226,829.1718139648438,0.0,0.009565715678036213
227,829.1654663085938,0.0,0.009563887491822243
228,829.1719970703125,0.0,0.009562057442963123
229,829.1676635742188,0.0,0.009560229256749153
230,829.1500244140625,0.0,0.009558401070535183
231,829.1398315429688,0.0,0.009556574746966362
232,829.136962890625,0.0,0.009554748423397541
233,829.1226806640625,0.0,0.009552923031151295
234,829.1046752929688,0.0,0.009551097638905048
235,829.100341796875,0.0,0.009549274109303951
236,829.0896606445312,0.0,0.009547450579702854
237,829.0699462890625,0.0,0.009545627981424332
238,829.0613403320312,0.0,0.009543806314468384
239,829.0474853515625,0.0,0.009541984647512436
240,829.0208740234375,0.0,0.009540163911879063
241,828.9977416992188,0.0,0.00953834317624569
242,828.962890625,0.0,0.00953652523458004
243,828.9151000976562,0.0,0.009534706361591816
244,828.8687744140625,0.0,0.009532888419926167
245,828.7948608398438,0.0,0.009531070478260517
246,828.7191772460938,0.0,0.009529254399240017
247,828.6105346679688,0.0,0.009527438320219517
248,828.48828125,0.0,0.009525623172521591
249,828.324462890625,0.0,0.009523809887468815
250,828.1091918945312,0.0,0.009521995671093464
251,827.8563232421875,0.0,0.009520182386040688
252,827.56884765625,0.0,0.009518370032310486
253,827.2337036132812,0.0,0.009516558609902859
254,826.9456787109375,0.0,0.009514748118817806
255,827.9813842773438,0.0,0.00951293669641018
256,830.1550903320312,0.0,0.009511128067970276
257,826.0069580078125,0.0,0.009509319439530373
258,825.843017578125,0.0,0.00950751081109047
259,827.6422119140625,0.0,0.00950570311397314
260,825.6680908203125,0.0,0.009503896348178387
261,828.9375,0.0,0.009502090513706207
262,824.28173828125,0.0,0.009500284679234028
263,827.0728759765625,0.0,0.009498480707406998
264,824.01611328125,0.0,0.009496675804257393
265,825.8555297851562,0.0,0.009494872763752937
266,838.760986328125,0.0,0.009493069723248482
267,837.1106567382812,0.0,0.009491268545389175
268,828.6749877929688,0.0,0.009489466436207294
269,831.5294189453125,0.0,0.009487665258347988
270,837.7135620117188,0.0,0.009485865011811256
271,832.7822875976562,0.0,0.009484066627919674
272,828.660888671875,0.0,0.009482268244028091
273,829.0285034179688,0.0,0.009480469860136509
274,831.3263549804688,0.0,0.009478673338890076
275,830.0197143554688,0.0,0.009476876817643642
276,828.1669921875,0.0,0.00947508029639721
277,821.9595947265625,0.0,0.00947328470647335
278,818.5620727539062,0.0,0.009471490979194641
279,810.5294189453125,0.0,0.009469697251915932
280,840.1177368164062,0.0,0.009467903524637222
281,829.444091796875,0.0,0.009466111660003662
282,829.2160034179688,0.0,0.009464319795370102
283,829.0127563476562,0.0,0.009462527930736542
284,829.083251953125,0.0,0.009460736997425556
285,829.1988525390625,0.0,0.00945894792675972
286,829.1483764648438,0.0,0.009457158856093884
287,829.0007934570312,0.0,0.009455369785428047
288,828.9607543945312,0.0,0.00945358257740736
289,828.9860229492188,0.0,0.009451796300709248
290,828.9017333984375,0.0,0.00945000909268856
291,828.6802978515625,0.0,0.009448222815990448
292,828.4390869140625,0.0,0.00944643933326006
293,828.1566162109375,0.0,0.009444653987884521
294,827.7944946289062,0.0,0.009442870505154133
295,827.6212158203125,0.0,0.009441087022423744
296,827.12158203125,0.0,0.009439305402338505
297,826.748046875,0.0,0.009437523782253265
298,826.41845703125,0.0,0.009435742162168026
299,825.8993530273438,0.0,0.009433962404727936
300,825.5848999023438,0.0,0.009432182647287846
301,824.8563232421875,0.0,0.009430402889847755
302,830.3635864257812,0.0,0.009428624995052814
303,828.1455688476562,0.0,0.009426848031580448
304,829.2520141601562,0.0,0.009425070136785507
305,826.1033935546875,0.0,0.009423294104635715
306,826.8060302734375,0.0,0.009421518072485924
307,825.9266357421875,0.0,0.009419743902981281
308,826.458251953125,0.0,0.009417968802154064
309,826.327880859375,0.0,0.009416195563971996
310,825.15380859375,0.0,0.009414423257112503
311,824.78564453125,0.0,0.00941265095025301
312,827.2587280273438,0.0,0.009410878643393517
313,826.9995727539062,0.0,0.009409107267856598
314,827.1260375976562,0.0,0.009407337754964828
315,825.181396484375,0.0,0.009405568242073059
316,824.4859008789062,0.0,0.00940379872918129
317,823.8430786132812,0.0,0.00940203107893467
318,823.8013305664062,0.0,0.00940026342868805
319,822.9632568359375,0.0,0.00939849577844143
320,825.22265625,0.0,0.009396729059517384
321,825.1622314453125,0.0,0.009394964203238487
322,821.7215576171875,0.0,0.009393199346959591
323,833.1464233398438,0.0,0.009391434490680695
324,835.4714965820312,0.0,0.009389670565724373
325,829.0560302734375,0.0,0.0093879085034132
326,831.897705078125,0.0,0.009386145509779453
327,836.083984375,0.0,0.00938438344746828
328,834.9894409179688,0.0,0.009382623247802258
329,830.7665405273438,0.0,0.009380863048136234
330,829.2361450195312,0.0,0.009379102848470211
331,831.1591796875,0.0,0.009377343580126762
332,832.8638916015625,0.0,0.009375586174428463
333,831.9678344726562,0.0,0.009373827837407589
334,829.9102783203125,0.0,0.00937207043170929
335,829.2482299804688,0.0,0.00937031488865614
336,830.2944946289062,0.0,0.00936855934560299
337,831.2274169921875,0.0,0.009366803802549839
338,830.781982421875,0.0,0.009365049190819263
339,829.6433715820312,0.0,0.009363296441733837
340,829.2083740234375,0.0,0.009361542761325836
341,829.7716064453125,0.0,0.00935979001224041
342,830.3704223632812,0.0,0.009358039125800133
343,830.1896362304688,0.0,0.009356287308037281
344,829.5249633789062,0.0,0.009354536421597004
345,829.2013549804688,0.0,0.009352786466479301
346,829.4798583984375,0.0,0.009351038374006748
347,829.8571166992188,0.0,0.00934928935021162
348,829.8154296875,0.0,0.009347541257739067
349,829.4417724609375,0.0,0.009345794096589088
350,829.2046508789062,0.0,0.009344047866761684
351,829.3250122070312,0.0,0.00934230163693428
352,829.5601806640625,0.0,0.009340556338429451
353,829.580078125,0.0,0.009338811971247196
354,829.3766479492188,0.0,0.009337068535387516
355,829.2108154296875,0.0,0.009335324168205261
356,829.2513427734375,0.0,0.009333581663668156
357,829.3920288085938,0.0,0.009331840090453625
358,829.43017578125,0.0,0.009330098517239094
359,829.3248901367188,0.0,0.009328357875347137
360,829.214599609375,0.0,0.009326617233455181
361,829.2188720703125,0.0,0.009324878454208374
362,829.2999877929688,0.0,0.009323139674961567
363,829.3370971679688,0.0,0.009321401827037334
364,829.285400390625,0.0,0.009319664910435677
365,829.2150268554688,0.0,0.009317927993834019
366,829.2058715820312,0.0,0.00931619107723236
367,829.2506103515625,0.0,0.009314455091953278
368,829.27978515625,0.0,0.009312720969319344
369,829.2561645507812,0.0,0.00931098684668541
370,829.2129516601562,0.0,0.009309252724051476
371,829.2009887695312,0.0,0.00930752046406269
372,829.2247314453125,0.0,0.009305788204073906
373,829.245361328125,0.0,0.009304055944085121
374,829.2354125976562,0.0,0.009302324615418911
375,829.2095336914062,0.0,0.00930059514939785
376,829.198974609375,0.0,0.009298865683376789
377,829.2110595703125,0.0,0.009297136217355728
378,829.224609375,0.0,0.009295408613979816
379,829.2208862304688,0.0,0.00929368007928133
380,829.2056274414062,0.0,0.009291952475905418
381,829.197509765625,0.0,0.009290225803852081
382,829.2032470703125,0.0,0.009288500994443893
383,829.2116088867188,0.0,0.009286775253713131
384,829.2103271484375,0.0,0.009285050444304943
385,829.2012329101562,0.0,0.009283327497541904
386,829.1952514648438,0.0,0.009281603619456291
387,829.1976318359375,0.0,0.009279880672693253
388,829.2022705078125,0.0,0.009278158657252789
389,829.2014770507812,0.0,0.009276438504457474
390,829.195556640625,0.0,0.009274717420339584
391,829.1908569335938,0.0,0.009272996336221695
392,829.1909790039062,0.0,0.009271277114748955
393,829.1925659179688,0.0,0.00926955882459879
394,829.19091796875,0.0,0.009267840534448624
395,829.1856689453125,0.0,0.009266122244298458
396,829.1806640625,0.0,0.009264406748116016
397,829.1780395507812,0.0,0.009262690320611
398,829.1759033203125,0.0,0.009260973893105984
399,829.1710815429688,0.0,0.009259258396923542
400,829.1631469726562,0.0,0.00925754476338625
401,829.154296875,0.0,0.009255831129848957
402,829.145751953125,0.0,0.009254117496311665
403,829.1358642578125,0.0,0.009252404794096947
404,829.122314453125,0.0,0.009250693954527378
405,829.1044311523438,0.0,0.009248982183635235
406,829.0828247070312,0.0,0.009247271344065666
407,829.0571899414062,0.0,0.009245562367141247
408,829.0270385742188,0.0,0.009243852458894253
409,828.994384765625,0.0,0.009242143481969833
410,828.959228515625,0.0,0.009240435436367989
411,828.9164428710938,0.0,0.009238729253411293
412,828.8626098632812,0.0,0.009237022139132023
413,828.7911376953125,0.0,0.009235315024852753
414,828.6886596679688,0.0,0.009233610704541206
415,828.5523071289062,0.0,0.009231905452907085
416,828.4068603515625,0.0,0.009230201132595539
417,828.2662963867188,0.0,0.009228496812283993
418,828.09033203125,0.0,0.009226794354617596
419,827.8695678710938,0.0,0.009225091896951199
420,827.6253662109375,0.0,0.009223390370607376
421,827.3651123046875,0.0,0.009221689775586128
422,827.050048828125,0.0,0.00921998918056488
423,826.6456298828125,0.0,0.009218288585543633
424,826.1612548828125,0.0,0.00921658892184496
425,825.6041870117188,0.0,0.009214891120791435
426,825.0592651367188,0.0,0.009213193319737911
427,824.7733154296875,0.0,0.009211495518684387
428,824.601318359375,0.0,0.009209798648953438
429,824.700439453125,0.0,0.009208103641867638
430,828.3916625976562,0.0,0.009206407703459263
431,826.3394775390625,0.0,0.009204712696373463
432,826.6170654296875,0.0,0.009203018620610237
433,823.5884399414062,0.0,0.009201324544847012
434,834.37744140625,0.0,0.00919963140040636
435,828.0236206054688,0.0,0.009197939187288284
436,828.4271240234375,0.0,0.009196247905492783
437,830.0418701171875,0.0,0.009194556623697281
438,830.8746948242188,0.0,0.009192866273224354
439,829.1954345703125,0.0,0.009191175922751427
440,828.9153442382812,0.0,0.009189487434923649
441,829.87548828125,0.0,0.009187798015773296
442,829.8695678710938,0.0,0.009186110459268093
443,829.20361328125,0.0,0.009184423834085464
444,828.892578125,0.0,0.009182736277580261
445,829.170654296875,0.0,0.009181049652397633
446,829.34619140625,0.0,0.009179363958537579
447,828.7982788085938,0.0,0.009177680127322674
448,827.9075927734375,0.0,0.009175995364785194
449,827.7089233398438,0.0,0.00917431153357029
450,827.3040771484375,0.0,0.009172629565000534
451,827.476806640625,0.0,0.009170946665108204
452,827.257568359375,0.0,0.009169264696538448
453,826.9149780273438,0.0,0.009167582727968693
454,826.6102905273438,0.0,0.009165902622044086
455,825.9022216796875,0.0,0.00916422251611948
456,825.6257934570312,0.0,0.009162543341517448
457,826.1649780273438,0.0,0.009160865098237991
458,827.2676391601562,0.0,0.009159186854958534
459,826.1936645507812,0.0,0.009157508611679077
460,824.7294311523438,0.0,0.009155831299722195
461,830.11474609375,0.0,0.009154155850410461
462,827.3938598632812,0.0,0.009152480401098728
463,830.7125244140625,0.0,0.009150804951786995
464,827.4907836914062,0.0,0.009149131365120411
465,828.9762573242188,0.0,0.009147456847131252
466,828.4761962890625,0.0,0.009145783260464668
467,826.707763671875,0.0,0.009144110605120659
468,827.7687377929688,0.0,0.009142439812421799
469,825.8434448242188,0.0,0.009140768088400364
470,826.0610961914062,0.0,0.00913909636437893
471,825.7168579101562,0.0,0.009137426503002644
472,824.7150268554688,0.0,0.009135757572948933
473,824.4152221679688,0.0,0.009134088642895222
474,828.3822631835938,0.0,0.00913241971284151
475,831.0961303710938,0.0,0.009130752645432949
476,827.9093627929688,0.0,0.009129085578024387
477,831.837646484375,0.0,0.009127418510615826
478,830.4625244140625,0.0,0.009125752374529839
479,828.5518188476562,0.0,0.009124088101089
480,829.4027709960938,0.0,0.009122422896325588
481,829.669189453125,0.0,0.00912075862288475
482,829.4225463867188,0.0,0.009119094349443913
483,829.2078247070312,0.0,0.009117432869970798
484,829.2955322265625,0.0,0.00911577045917511
485,829.4880981445312,0.0,0.009114108048379421
486,829.496826171875,0.0,0.009112447500228882
487,829.3251342773438,0.0,0.009110786952078342
488,829.2042846679688,0.0,0.009109127335250378
489,829.2593994140625,0.0,0.009107467718422413
490,829.3724365234375,0.0,0.009105809964239597
491,829.3762817382812,0.0,0.009104151278734207
492,829.2744140625,0.0,0.009102493524551392
493,829.203125,0.0,0.009100837633013725
494,829.2354736328125,0.0,0.009099180810153484
495,829.3017578125,0.0,0.009097524918615818
496,829.3042602539062,0.0,0.009095869958400726
497,829.2444458007812,0.0,0.00909421592950821
498,829.202392578125,0.0,0.009092561900615692
499,829.221435546875,0.0,0.00909090880304575
500,829.2608032226562,0.0,0.009089256636798382
501,829.2622680664062,0.0,0.009087604470551014
502,829.2267456054688,0.0,0.00908595323562622
503,829.201904296875,0.0,0.009084302000701427
504,829.2133178710938,0.0,0.009082652628421783
505,829.236572265625,0.0,0.009081002324819565
506,829.2371826171875,0.0,0.00907935295253992
507,829.216064453125,0.0,0.009077704511582851
508,829.2015380859375,0.0,0.009076057001948357
509,829.2085571289062,0.0,0.009074410423636436
510,829.2222900390625,0.0,0.009072762914001942
511,829.2223510742188,0.0,0.00907111819833517
512,829.2096557617188,0.0,0.009069472551345825
513,829.2012939453125,0.0,0.00906782690435648
514,829.2056884765625,0.0,0.009066182188689709
515,829.2137451171875,0.0,0.009064539335668087
516,829.2135009765625,0.0,0.009062896482646465
517,829.2058715820312,0.0,0.009061253629624844
518,829.2011108398438,0.0,0.009059611707925797
519,829.2039794921875,0.0,0.009057970717549324
520,829.2086791992188,0.0,0.009056329727172852
521,829.2081909179688,0.0,0.009054689668118954
522,829.20361328125,0.0,0.009053051471710205
523,829.200927734375,0.0,0.009051412343978882
524,829.2028198242188,0.0,0.009049773216247559
525,829.2055053710938,0.0,0.00904813501983881
526,829.2050170898438,0.0,0.00904649868607521
527,829.2022094726562,0.0,0.009044862352311611
528,829.2008056640625,0.0,0.009043226018548012
529,829.2020263671875,0.0,0.009041591547429562
530,829.2035522460938,0.0,0.009039956144988537
531,829.203125,0.0,0.009038322605192661
532,829.2013549804688,0.0,0.009036688134074211
533,829.2006225585938,0.0,0.009035056456923485
534,829.201416015625,0.0,0.009033423848450184
535,829.2022705078125,0.0,0.009031791239976883
536,829.2018432617188,0.0,0.009030161425471306
537,829.2008056640625,0.0,0.00902852974832058
538,829.2003784179688,0.0,0.009026899933815002
539,829.2008666992188,0.0,0.009025270119309425
540,829.2012939453125,0.0,0.009023642167448997
541,829.200927734375,0.0,0.009022013284265995
542,829.2002563476562,0.0,0.009020385332405567
543,829.2000122070312,0.0,0.009018759243190289
544,829.2003173828125,0.0,0.009017132222652435
545,829.200439453125,0.0,0.009015506133437157
546,829.2001342773438,0.0,0.009013880975544453
547,829.1996459960938,0.0,0.009012256748974323
548,829.199462890625,0.0,0.009010632522404194
549,829.1995239257812,0.0,0.009009008295834064
550,829.199462890625,0.0,0.009007385931909084
551,829.1990966796875,0.0,0.009005763567984104
552,829.1986694335938,0.0,0.009004142135381699
553,829.1984252929688,0.0,0.009002520702779293
554,829.1982421875,0.0,0.009000900201499462
555,829.1979370117188,0.0,0.008999279700219631
556,829.1973876953125,0.0,0.008997660130262375
557,829.19677734375,0.0,0.008996041491627693
558,829.1961669921875,0.0,0.008994423784315586
559,829.195556640625,0.0,0.008992806077003479
560,829.1946411132812,0.0,0.008991188369691372
561,829.1934814453125,0.0,0.00898957159370184
562,829.1920166015625,0.0,0.008987955749034882
563,829.1903686523438,0.0,0.008986340835690498
564,829.188232421875,0.0,0.008984725922346115
565,829.1854858398438,0.0,0.008983111940324306
566,829.1820068359375,0.0,0.008981497958302498
567,829.177734375,0.0,0.008979884907603264
568,829.1727905273438,0.0,0.00897827185690403
569,829.1671752929688,0.0,0.008976660668849945
570,829.1612548828125,0.0,0.00897504948079586
571,829.1553955078125,0.0,0.008973438292741776
572,829.1497802734375,0.0,0.00897182896733284
573,829.14404296875,0.0,0.00897021871060133
574,829.1375122070312,0.0,0.008968609385192394
575,829.1292114257812,0.0,0.008967000991106033
576,829.1181640625,0.0,0.008965393528342247
577,829.1035766601562,0.0,0.00896378606557846
578,829.0855102539062,0.0,0.008962179534137249
579,829.0648193359375,0.0,0.008960573934018612
580,829.0423583984375,0.0,0.008958968333899975
581,829.0167236328125,0.0,0.008957362733781338
582,828.9829711914062,0.0,0.008955758064985275
583,828.9342651367188,0.0,0.008954155258834362
584,828.86328125,0.0,0.008952551521360874
585,828.7609252929688,0.0,0.008950948715209961
586,828.617431640625,0.0,0.008949345909059048
587,828.450927734375,0.0,0.008947744965553284
588,828.3207397460938,0.0,0.00894614402204752
589,828.2333984375,0.0,0.008944543078541756
590,828.1185913085938,0.0,0.008942943997681141
591,827.9982299804688,0.0,0.008941344916820526
592,827.7740478515625,0.0,0.008939745835959911
593,827.5250244140625,0.0,0.008938147686421871
594,827.2794189453125,0.0,0.008936550468206406
595,827.0391235351562,0.0,0.00893495324999094
596,826.8202514648438,0.0,0.00893335696309805
597,827.188232421875,0.0,0.008931760676205158
598,826.6439819335938,0.0,0.008930166251957417
599,826.7415161132812,0.0,0.0089285708963871
600,828.9230346679688,0.0,0.008926976472139359
601,828.6029052734375,0.0,0.008925383910536766
602,828.9407348632812,0.0,0.008923790417611599
603,830.2539672851562,0.0,0.008922197856009007
604,829.9589233398438,0.0,0.008920606225728989
605,829.8994750976562,0.0,0.008919015526771545
606,829.314453125,0.0,0.008917424827814102
607,829.2853393554688,0.0,0.008915834128856659
608,829.68359375,0.0,0.008914245292544365
609,829.5402221679688,0.0,0.008912655524909496
610,829.2031860351562,0.0,0.008911067619919777
611,829.2279663085938,0.0,0.008909478783607483
612,829.390380859375,0.0,0.008907892741262913
613,829.3633422851562,0.0,0.008906305767595768
614,829.2053833007812,0.0,0.008904718793928623
615,829.1568603515625,0.0,0.008903134614229202
616,829.2459716796875,0.0,0.008901548571884632
617,829.28857421875,0.0,0.008899964392185211
618,829.1965942382812,0.0,0.00889838021248579
619,829.0885009765625,0.0,0.008896796964108944
620,829.0733642578125,0.0,0.008895214647054672
621,829.0738525390625,0.0,0.008893631398677826
622,828.948974609375,0.0,0.008892050944268703
623,828.7734375,0.0,0.008890469558537006
624,828.7684326171875,0.0,0.008888889104127884
625,828.6078491210938,0.0,0.008887308649718761
626,828.5064697265625,0.0,0.008885730057954788
627,828.414794921875,0.0,0.00888415053486824
628,828.0946044921875,0.0,0.008882571943104267
629,827.83251953125,0.0,0.008880994282662868
630,827.3167114257812,0.0,0.008879417553544044
631,828.2587890625,0.0,0.00887784082442522
632,827.7599487304688,0.0,0.008876264095306396
633,827.6058349609375,0.0,0.008874688297510147
634,827.205078125,0.0,0.008873114362359047
635,827.1368408203125,0.0,0.008871539495885372
636,826.9992065429688,0.0,0.008869965560734272
637,827.1973266601562,0.0,0.008868393488228321
638,829.7435913085938,0.0,0.008866820484399796
639,829.3251342773438,0.0,0.00886524748057127
640,828.9017944335938,0.0,0.008863676339387894
641,829.5344848632812,0.0,0.008862106129527092
642,828.5562744140625,0.0,0.008860534988343716
643,829.2445678710938,0.0,0.008858964778482914
644,828.5189819335938,0.0,0.008857396431267262
645,827.7716064453125,0.0,0.008855827152729034
646,828.0682983398438,0.0,0.008854258805513382
647,828.1856689453125,0.0,0.00885269045829773
648,828.368408203125,0.0,0.008851123973727226
649,827.8516845703125,0.0,0.008849557489156723
650,827.7481689453125,0.0,0.00884799100458622
651,826.2285766601562,0.0,0.008846426382660866
652,832.1276245117188,0.0,0.008844860829412937
653,829.7734375,0.0,0.008843296207487583
654,829.9450073242188,0.0,0.008841732516884804
655,828.9258422851562,0.0,0.008840169757604599
656,829.0267333984375,0.0,0.008838606998324394
657,828.9962768554688,0.0,0.00883704423904419
658,828.8139038085938,0.0,0.008835483342409134
659,829.012939453125,0.0,0.008833922445774078
660,829.0032348632812,0.0,0.008832361549139023
661,828.9208984375,0.0,0.008830801583826542
662,828.7346801757812,0.0,0.008829242549836636
663,828.6217041015625,0.0,0.00882768351584673
664,828.4635620117188,0.0,0.008826125413179398
665,828.1165161132812,0.0,0.00882456824183464
666,827.7081298828125,0.0,0.008823010139167309
667,827.208984375,0.0,0.008821453899145126
668,826.6986694335938,0.0,0.008819897659122944
669,825.8815307617188,0.0,0.008818341419100761
670,827.2103271484375,0.0,0.008816787041723728
671,828.8159790039062,0.0,0.008815232664346695
672,828.9116821289062,0.0,0.008813678286969662
673,828.0377807617188,0.0,0.008812125772237778
674,827.7865600585938,0.0,0.008810572326183319
675,826.7282104492188,0.0,0.008809019811451435
676,826.6688842773438,0.0,0.008807468228042126
677,824.6911010742188,0.0,0.008805917575955391
678,824.79052734375,0.0,0.008804366923868656
679,825.9596557617188,0.0,0.008802816271781921
680,823.72998046875,0.0,0.008801267482340336
681,820.0864868164062,0.0,0.00879971869289875
682,836.1544189453125,0.0,0.008798169903457165
683,832.292724609375,0.0,0.00879662111401558
684,829.6838989257812,0.0,0.008795075118541718
685,829.7030029296875,0.0,0.008793528191745281
686,829.5731201171875,0.0,0.008791981264948845
687,832.4583740234375,0.0,0.008790436200797558
688,820.4676513671875,0.0,0.00878889113664627
689,2279.343505859375,0.0,0.008787346072494984
690,4205.4091796875,0.0,0.008785801939666271
691,2828.6767578125,0.0,0.008784258738160133
692,937.6700439453125,0.0,0.008782715536653996
693,834.8126220703125,0.0,0.008781172335147858
694,861.8519287109375,0.0,0.008779631927609444
695,881.6231689453125,0.0,0.00877808965742588
696,879.4802856445312,0.0,0.008776549249887466
697,863.3251342773438,0.0,0.008775007911026478
698,849.4813232421875,0.0,0.008773469366133213
699,838.2402954101562,0.0,0.008771929889917374
700,831.19775390625,0.0,0.008770390413701534
701,829.255615234375,0.0,0.008768853731453419
702,831.2784423828125,0.0,0.008767315186560154
703,835.530517578125,0.0,0.008765778504312038
704,840.1650390625,0.0,0.008764241822063923
705,843.612548828125,0.0,0.008762706071138382
706,844.8722534179688,0.0,0.008761170320212841
707,843.3657836914062,0.0,0.008759635500609875
708,839.0097045898438,0.0,0.008758100681006908
709,835.2744140625,0.0,0.008756567724049091
710,832.7861938476562,0.0,0.0087550338357687
711,830.8952026367188,0.0,0.008753500878810883
712,829.689208984375,0.0,0.00875196885317564
713,829.2266845703125,0.0,0.008750437758862972
714,829.4098510742188,0.0,0.00874890573322773
715,830.018310546875,0.0,0.008747375570237637
716,830.7789916992188,0.0,0.008745846338570118
717,831.4383544921875,0.0,0.008744316175580025
718,831.8181762695312,0.0,0.008742786943912506
719,831.8438110351562,0.0,0.008741257712244987
720,831.5423583984375,0.0,0.008739731274545193
721,831.0169067382812,0.0,0.008738202974200249
722,830.406982421875,0.0,0.008736676536500454
723,829.8484497070312,0.0,0.00873515009880066
724,829.4413452148438,0.0,0.008733624592423439
725,829.2333374023438,0.0,0.008732099086046219
726,829.2178955078125,0.0,0.008730573579668999
727,829.34619140625,0.0,0.008729049935936928
728,829.54638671875,0.0,0.008727526292204857
729,829.7447509765625,0.0,0.008726002648472786
730,829.8831787109375,0.0,0.008724480867385864
731,829.929931640625,0.0,0.008722959086298943
732,829.8817749023438,0.0,0.008721437305212021
733,829.759521484375,0.0,0.0087199155241251
734,829.5982666015625,0.0,0.008718395605683327
735,829.4365234375,0.0,0.008716875687241554
736,829.3063354492188,0.0,0.008715355768799782
737,829.22705078125,0.0,0.008713837713003159
738,829.2026977539062,0.0,0.008712319657206535
739,829.2242431640625,0.0,0.008710801601409912
740,829.2738037109375,0.0,0.008709283545613289
741,829.33056640625,0.0,0.008707767352461815
742,829.3763427734375,0.0,0.008706251159310341
743,829.3992309570312,0.0,0.008704734966158867
744,829.3954467773438,0.0,0.008703220635652542
745,829.368408203125,0.0,0.008701705373823643
746,829.3267822265625,0.0,0.008700191043317318
747,829.28125,0.0,0.008698677644133568
748,829.24169921875,0.0,0.008697164244949818
749,829.21484375,0.0,0.008695651777088642
750,829.2031860351562,0.0,0.008694140240550041
751,829.2054443359375,0.0,0.008692627772688866
752,829.2171630859375,0.0,0.008691118098795414
753,829.2327880859375,0.0,0.008689607493579388
754,829.246826171875,0.0,0.008688096888363361
755,829.2553100585938,0.0,0.00868658721446991
756,829.256591796875,0.0,0.008685079403221607
757,829.2509155273438,0.0,0.00868357066065073
758,829.2403564453125,0.0,0.008682062849402428
759,829.227783203125,0.0,0.0086805559694767
760,829.2161865234375,0.0,0.008679049089550972
761,829.2075805664062,0.0,0.008677542209625244
762,829.2031860351562,0.0,0.008676036261022091
763,829.2028198242188,0.0,0.008674531243741512
764,829.2054443359375,0.0,0.008673027157783508
765,829.2096557617188,0.0,0.00867152214050293
766,829.2138061523438,0.0,0.0086700189858675
767,829.2166137695312,0.0,0.008668515831232071
768,829.217529296875,0.0,0.008667012676596642
769,829.2163696289062,0.0,0.008665510453283787
770,829.2136840820312,0.0,0.008664010092616081
771,829.2102661132812,0.0,0.008662508800625801
772,829.2069091796875,0.0,0.008661007508635521
773,829.2042846679688,0.0,0.00865950807929039
774,829.2028198242188,0.0,0.008658008649945259
775,829.2024536132812,0.0,0.008656509220600128
776,829.2030639648438,0.0,0.008655010722577572
777,829.2041625976562,0.0,0.00865351315587759
778,829.2053833007812,0.0,0.008652015589177608
779,829.2062377929688,0.0,0.008650518953800201
780,829.2066040039062,0.0,0.008649023249745369
781,829.2063598632812,0.0,0.008647526614367962
782,829.2056884765625,0.0,0.00864603091031313
783,829.2047729492188,0.0,0.008644536137580872
784,829.2037963867188,0.0,0.008643042296171188
785,829.2030029296875,0.0,0.008641548454761505
786,829.2025146484375,0.0,0.008640054613351822
787,829.202392578125,0.0,0.008638561703264713
788,829.2025146484375,0.0,0.008637070655822754
789,829.2028198242188,0.0,0.00863557867705822
790,829.203125,0.0,0.008634086698293686
791,829.2034301757812,0.0,0.008632595650851727
792,829.2035522460938,0.0,0.008631106466054916
793,829.2034912109375,0.0,0.008629616349935532
794,829.2033081054688,0.0,0.008628127165138721
795,829.2030639648438,0.0,0.008626638911664486
796,829.2027587890625,0.0,0.00862515065819025
797,829.2025146484375,0.0,0.00862366333603859
798,829.202392578125,0.0,0.008622176013886929
799,829.2023315429688,0.0,0.008620689623057842
800,829.2023315429688,0.0,0.008619203232228756
801,829.2024536132812,0.0,0.008617717772722244
802,829.2025146484375,0.0,0.008616233244538307
803,829.2025756835938,0.0,0.00861474871635437
804,829.20263671875,0.0,0.008613264188170433
805,829.20263671875,0.0,0.00861178059130907
806,829.2025756835938,0.0,0.008610297925770283
807,829.2025146484375,0.0,0.008608815260231495
808,829.202392578125,0.0,0.008607332594692707
809,829.2023315429688,0.0,0.008605851791799068
810,829.2022705078125,0.0,0.00860437098890543
811,829.2022705078125,0.0,0.008602890186011791
812,829.2022705078125,0.0,0.008601410314440727
813,829.2022705078125,0.0,0.008599931374192238
814,829.2023315429688,0.0,0.008598452433943748
815,829.2023315429688,0.0,0.008596973493695259
816,829.2023315429688,0.0,0.008595496416091919
817,829.2023315429688,0.0,0.008594018407166004
818,829.2023315429688,0.0,0.008592541329562664
819,829.2022705078125,0.0,0.008591065183281898
820,829.2022705078125,0.0,0.008589589968323708
821,829.2022094726562,0.0,0.008588113822042942
822,829.2022094726562,0.0,0.008586638607084751
823,829.2022094726562,0.0,0.008585164323449135
824,829.2022094726562,0.0,0.008583690971136093
825,829.2022094726562,0.0,0.008582217618823051
826,829.2022094726562,0.0,0.00858074426651001
827,829.2022094726562,0.0,0.008579271845519543
828,829.2022094726562,0.0,0.00857780035585165
829,829.2022094726562,0.0,0.008576328866183758
830,829.2022094726562,0.0,0.00857485830783844
831,829.2021484375,0.0,0.008573388680815697
832,829.2021484375,0.0,0.008571918122470379
833,829.2021484375,0.0,0.008570448495447636
834,829.2021484375,0.0,0.008568979799747467
835,829.2021484375,0.0,0.008567512035369873
836,829.2021484375,0.0,0.008566044270992279
837,829.2021484375,0.0,0.008564576506614685
838,829.2021484375,0.0,0.00856311060488224
839,829.2021484375,0.0,0.008561643771827221
840,829.2021484375,0.0,0.008560177870094776
841,829.2020874023438,0.0,0.008558711968362331
842,829.2020874023438,0.0,0.008557247929275036
843,829.2020874023438,0.0,0.00855578389018774
844,829.2020874023438,0.0,0.008554319851100445
845,829.2020874023438,0.0,0.008552856743335724
846,829.2020874023438,0.0,0.008551393635571003
847,829.2020874023438,0.0,0.008549931459128857
848,829.2020874023438,0.0,0.00854846928268671
849,829.2020874023438,0.0,0.008547008968889713
850,829.2020874023438,0.0,0.008545547723770142
851,829.2020874023438,0.0,0.008544087409973145
852,829.2020263671875,0.0,0.008542628027498722
853,829.2020263671875,0.0,0.0085411686450243
854,829.2020263671875,0.0,0.008539709262549877
855,829.2020263671875,0.0,0.00853825081139803
856,829.2020263671875,0.0,0.008536793291568756
857,829.2020263671875,0.0,0.008535335771739483
858,829.2020263671875,0.0,0.008533879183232784
859,829.2020263671875,0.0,0.00853242352604866
860,829.2020263671875,0.0,0.008530967868864536
861,829.2020263671875,0.0,0.008529512211680412
862,829.2020263671875,0.0,0.008528056554496288
863,829.2019653320312,0.0,0.008526602759957314
864,829.2019653320312,0.0,0.008525148965418339
865,829.2019653320312,0.0,0.008523695170879364
866,829.2019653320312,0.0,0.008522242307662964
867,829.2019653320312,0.0,0.008520790375769138
868,829.2019653320312,0.0,0.008519338443875313
869,829.2019653320312,0.0,0.008517887443304062
870,829.2019653320312,0.0,0.008516436442732811
871,829.2019653320312,0.0,0.008514986373484135
872,829.2019653320312,0.0,0.008513536304235458
873,829.201904296875,0.0,0.008512086234986782
874,829.201904296875,0.0,0.008510638028383255
875,829.201904296875,0.0,0.008509189821779728
876,829.201904296875,0.0,0.0085077416151762
877,829.201904296875,0.0,0.008506294339895248
878,829.201904296875,0.0,0.00850484799593687
879,829.201904296875,0.0,0.008503400720655918
880,829.201904296875,0.0,0.008501955308020115
881,829.201904296875,0.0,0.008500509895384312
882,829.201904296875,0.0,0.008499065414071083
883,829.201904296875,0.0,0.00849762000143528
884,829.2018432617188,0.0,0.008496176451444626
885,829.2018432617188,0.0,0.008494732901453972
886,829.2018432617188,0.0,0.008493290282785892
887,829.2018432617188,0.0,0.008491847664117813
888,829.2018432617188,0.0,0.008490405976772308
889,829.2018432617188,0.0,0.008488964289426804
890,829.2018432617188,0.0,0.008487523533403873
891,829.2018432617188,0.0,0.008486082777380943
892,829.2018432617188,0.0,0.008484642952680588
893,829.2018432617188,0.0,0.008483203127980232
894,829.2017822265625,0.0,0.008481764234602451
895,829.2017822265625,0.0,0.008480326272547245
896,829.2017822265625,0.0,0.008478887379169464
897,829.2017822265625,0.0,0.008477449417114258
898,829.2017822265625,0.0,0.008476012386381626
899,829.2017822265625,0.0,0.008474576286971569
900,829.2017822265625,0.0,0.008473140187561512
901,829.2017822265625,0.0,0.008471704088151455
902,829.2017822265625,0.0,0.008470268920063972
903,829.2017822265625,0.0,0.008468834683299065
904,829.2017822265625,0.0,0.008467400446534157
905,829.2017211914062,0.0,0.008465966209769249
906,829.2017211914062,0.0,0.008464532904326916
907,829.2017211914062,0.0,0.008463100530207157
908,829.2017211914062,0.0,0.008461668156087399
909,829.2017211914062,0.0,0.008460236713290215
910,829.2017211914062,0.0,0.008458806201815605
911,829.2017211914062,0.0,0.008457374759018421
912,829.2017211914062,0.0,0.008455944247543812
913,829.2017211914062,0.0,0.008454513736069202
914,829.20166015625,0.0,0.008453085087239742
915,829.20166015625,0.0,0.008451656438410282
916,829.20166015625,0.0,0.008450227789580822
917,829.20166015625,0.0,0.008448800072073936
918,829.20166015625,0.0,0.008447372354567051
919,829.20166015625,0.0,0.00844594556838274
920,829.20166015625,0.0,0.008444518782198429
921,829.20166015625,0.0,0.008443093858659267
922,829.20166015625,0.0,0.008441668003797531
923,829.20166015625,0.0,0.00844024308025837
924,829.2015991210938,0.0,0.008438819088041782
925,829.2015991210938,0.0,0.00843739416450262
926,829.2015991210938,0.0,0.008435971103608608
927,829.2015991210938,0.0,0.008434547111392021
928,829.2015991210938,0.0,0.008433124981820583
929,829.2015991210938,0.0,0.008431702852249146
930,829.2015991210938,0.0,0.008430281654000282
931,829.2015991210938,0.0,0.008428860455751419
932,829.2015991210938,0.0,0.00842744018882513
933,829.2015380859375,0.0,0.008426018990576267
934,829.2015380859375,0.0,0.008424599654972553
935,829.2015380859375,0.0,0.00842318031936884
936,829.2015380859375,0.0,0.0084217619150877
937,829.2015380859375,0.0,0.00842034351080656
938,829.2015380859375,0.0,0.008418926037847996
939,829.2015380859375,0.0,0.008417508564889431
940,829.2015380859375,0.0,0.008416091091930866
941,829.2015380859375,0.0,0.008414674550294876
942,829.2014770507812,0.0,0.008413259871304035
943,829.2014770507812,0.0,0.00841184426099062
944,829.2014770507812,0.0,0.008410428650677204
945,829.2014770507812,0.0,0.008409013971686363
946,829.2014770507812,0.0,0.008407600224018097
947,829.2014770507812,0.0,0.00840618647634983
948,829.2014770507812,0.0,0.008404773660004139
949,829.2014770507812,0.0,0.008403360843658447
950,829.2014770507812,0.0,0.00840194895863533
951,829.201416015625,0.0,0.008400537073612213
952,829.201416015625,0.0,0.00839912611991167
953,829.201416015625,0.0,0.008397716097533703
954,829.201416015625,0.0,0.00839630514383316
955,829.201416015625,0.0,0.008394896052777767
956,829.201416015625,0.0,0.0083934860303998
957,829.201416015625,0.0,0.00839207787066698
958,829.201416015625,0.0,0.008390669710934162
959,829.2013549804688,0.0,0.008389261551201344
960,829.2013549804688,0.0,0.0083878543227911
961,829.2013549804688,0.0,0.008386447094380856
962,829.2013549804688,0.0,0.008385040797293186
963,829.2013549804688,0.0,0.008383634500205517
964,829.2013549804688,0.0,0.008382230065762997
965,829.2013549804688,0.0,0.008380824699997902
966,829.2013549804688,0.0,0.008379419334232807
967,829.2012939453125,0.0,0.008378016762435436
968,829.2012939453125,0.0,0.008376612327992916
969,829.2012939453125,0.0,0.00837520882487297
970,829.2012939453125,0.0,0.0083738062530756
971,829.2012939453125,0.0,0.008372404612600803
972,829.2012939453125,0.0,0.008371002972126007
973,829.2012939453125,0.0,0.00836960133165121
974,829.2012939453125,0.0,0.008368201553821564
975,829.2012329101562,0.0,0.008366800844669342
976,829.2012329101562,0.0,0.00836540013551712
977,829.2012329101562,0.0,0.008364001289010048
978,829.2012329101562,0.0,0.008362602442502975
979,829.2012329101562,0.0,0.008361203595995903
980,829.2012329101562,0.0,0.008359805680811405
981,829.2012329101562,0.0,0.008358407765626907
982,829.201171875,0.0,0.008357011713087559
983,829.201171875,0.0,0.008355614729225636
984,829.201171875,0.0,0.008354218676686287
985,829.201171875,0.0,0.008352822624146938
986,829.201171875,0.0,0.008351428434252739
987,829.201171875,0.0,0.008350033313035965
988,829.201171875,0.0,0.008348639123141766
989,829.2011108398438,0.0,0.00834724586457014
990,829.2011108398438,0.0,0.008345851674675941
991,829.2011108398438,0.0,0.008344459347426891
992,829.2011108398438,0.0,0.008343066088855267
993,829.2011108398438,0.0,0.008341674692928791
994,829.2011108398438,0.0,0.008340283297002316
995,829.2011108398438,0.0,0.00833889190107584
996,829.2010498046875,0.0,0.008337502367794514
997,829.2010498046875,0.0,0.008336111903190613
998,829.2010498046875,0.0,0.008334722369909286
999,829.2010498046875,0.0,0.00833333283662796
1000,829.2010498046875,0.0,0.008331945165991783
1001,829.2010498046875,0.0,0.008330556564033031
1002,829.2010498046875,0.0,0.00832916796207428
1003,829.2009887695312,0.0,0.008327782154083252
1004,829.2009887695312,0.0,0.008326394483447075
1005,829.2009887695312,0.0,0.008325007744133472
1006,829.2009887695312,0.0,0.008323621936142445
1007,829.2009887695312,0.0,0.008322237059473991
1008,829.2009887695312,0.0,0.008320852182805538
1009,829.200927734375,0.0,0.008319467306137085
1010,829.200927734375,0.0,0.008318083360791206
1011,829.200927734375,0.0,0.008316700346767902
1012,829.200927734375,0.0,0.008315316401422024
1013,829.200927734375,0.0,0.00831393338739872
1014,829.200927734375,0.0,0.008312552236020565
1015,829.2008666992188,0.0,0.008311170153319836
1016,829.2008666992188,0.0,0.008309789001941681
1017,829.2008666992188,0.0,0.0083084087818861
1018,829.2008666992188,0.0,0.008307027630507946
1019,829.2008666992188,0.0,0.008305647410452366
1020,829.2008666992188,0.0,0.00830426812171936
1021,829.2008056640625,0.0,0.00830288976430893
1022,829.2008056640625,0.0,0.008301510475575924
1023,829.2008056640625,0.0,0.008300132118165493
1024,829.2008056640625,0.0,0.008298754692077637
1025,829.2008056640625,0.0,0.008297378197312355
1026,829.2008056640625,0.0,0.008296000771224499
1027,829.2007446289062,0.0,0.008294624276459217
1028,829.2007446289062,0.0,0.00829324871301651
1029,829.2007446289062,0.0,0.008291874080896378
1030,829.2007446289062,0.0,0.00829049851745367
1031,829.2007446289062,0.0,0.008289123885333538
1032,829.2007446289062,0.0,0.008287751115858555
1033,829.20068359375,0.0,0.008286377415060997
1034,829.20068359375,0.0,0.00828500371426344
1035,829.20068359375,0.0,0.008283630944788456
1036,829.20068359375,0.0,0.008282259106636047
1037,829.20068359375,0.0,0.008280887268483639
1038,829.2006225585938,0.0,0.008279516361653805
1039,829.2006225585938,0.0,0.00827814545482397
1040,829.2006225585938,0.0,0.008276775479316711
1041,829.2006225585938,0.0,0.008275405503809452
1042,829.2006225585938,0.0,0.008274035528302193
1043,829.2005615234375,0.0,0.008272667415440083
1044,829.2005615234375,0.0,0.008271298371255398
1045,829.2005615234375,0.0,0.008269930258393288
1046,829.2005615234375,0.0,0.008268563076853752
1047,829.2005615234375,0.0,0.008267195895314217
1048,829.2005004882812,0.0,0.008265828713774681
1049,829.2005004882812,0.0,0.00826446246355772
1050,829.2005004882812,0.0,0.008263097144663334
1051,829.2005004882812,0.0,0.008261731825768948
1052,829.2005004882812,0.0,0.008260366506874561
1053,829.200439453125,0.0,0.008259003050625324
1054,829.200439453125,0.0,0.008257638663053513
1055,829.200439453125,0.0,0.008256274275481701
1056,829.200439453125,0.0,0.008254910819232464
1057,829.200439453125,0.0,0.008253549225628376
1058,829.2003784179688,0.0,0.008252186700701714
1059,829.2003784179688,0.0,0.008250825107097626
1060,829.2003784179688,0.0,0.008249463513493538
1061,829.2003784179688,0.0,0.008248102851212025
1062,829.2003173828125,0.0,0.008246742188930511
1063,829.2003173828125,0.0,0.008245382457971573
1064,829.2003173828125,0.0,0.008244022727012634
1065,829.2003173828125,0.0,0.00824266392737627
1066,829.2002563476562,0.0,0.008241305127739906
1067,829.2002563476562,0.0,0.008239947259426117
1068,829.2002563476562,0.0,0.008238589391112328
1069,829.2002563476562,0.0,0.008237232454121113
1070,829.2001953125,0.0,0.008235875517129898
1071,829.2001953125,0.0,0.008234518580138683
1072,829.2001953125,0.0,0.008233163505792618
1073,829.2001953125,0.0,0.008231807500123978
1074,829.2001342773438,0.0,0.008230452425777912
1075,829.2001342773438,0.0,0.008229098282754421
1076,829.2001342773438,0.0,0.00822774413973093
1077,829.2001342773438,0.0,0.00822638999670744
1078,829.2000732421875,0.0,0.008225036785006523
1079,829.2000732421875,0.0,0.008223684504628181
1080,829.2000732421875,0.0,0.008222331292927265
1081,829.2000732421875,0.0,0.008220979943871498
1082,829.2000122070312,0.0,0.008219628594815731
1083,829.2000122070312,0.0,0.008218277245759964
1084,829.2000122070312,0.0,0.008216926828026772
1085,829.2000122070312,0.0,0.008215576410293579
1086,829.199951171875,0.0,0.008214226923882961
1087,829.199951171875,0.0,0.008212877437472343
1088,829.199951171875,0.0,0.0082115288823843
1089,829.1998901367188,0.0,0.008210181258618832
1090,829.1998901367188,0.0,0.008208832703530788
1091,829.1998901367188,0.0,0.00820748507976532
1092,829.1998901367188,0.0,0.008206137455999851
1093,829.1998291015625,0.0,0.008204791694879532
1094,829.1998291015625,0.0,0.008203445002436638
1095,829.1998291015625,0.0,0.008202099241316319
1096,829.1997680664062,0.0,0.008200754411518574
1097,829.1997680664062,0.0,0.008199409581720829
1098,829.1997680664062,0.0,0.008198064751923084
1099,829.19970703125,0.0,0.008196720853447914
1100,829.19970703125,0.0,0.008195377886295319
1101,829.19970703125,0.0,0.008194034919142723
1102,829.1996459960938,0.0,0.008192691951990128
1103,829.1996459960938,0.0,0.008191349916160107
1104,829.1996459960938,0.0,0.008190007880330086
1105,829.1995849609375,0.0,0.00818866677582264
1106,829.1995849609375,0.0,0.008187325671315193
1107,829.1995849609375,0.0,0.008185985498130322
1108,829.1995239257812,0.0,0.00818464532494545
1109,829.1995239257812,0.0,0.008183306083083153
1110,829.1995239257812,0.0,0.008181966841220856
1111,829.199462890625,0.0,0.008180628530681133
1112,829.199462890625,0.0,0.00817929022014141
1113,829.1994018554688,0.0,0.008177951909601688
1114,829.1994018554688,0.0,0.00817661453038454
1115,829.1994018554688,0.0,0.008175278082489967
1116,829.1993408203125,0.0,0.008173941634595394
1117,829.1993408203125,0.0,0.008172605186700821
1118,829.1993408203125,0.0,0.008171269670128822
1119,829.1992797851562,0.0,0.008169934153556824
1120,829.1992797851562,0.0,0.0081685995683074
1121,829.19921875,0.0,0.008167264983057976
1122,829.19921875,0.0,0.008165932260453701
1123,829.1991577148438,0.0,0.008164598606526852
1124,829.1991577148438,0.0,0.008163264952600002
1125,829.1991577148438,0.0,0.008161933161318302
1126,829.1990966796875,0.0,0.008160600438714027
1127,829.1990966796875,0.0,0.008159268647432327
1128,829.1990356445312,0.0,0.008157936856150627
1129,829.1990356445312,0.0,0.008156606927514076
1130,829.198974609375,0.0,0.00815527606755495
1131,829.198974609375,0.0,0.0081539461389184
1132,829.1989135742188,0.0,0.008152617141604424
1133,829.1989135742188,0.0,0.008151288144290447
1134,829.1988525390625,0.0,0.008149959146976471
1135,829.1988525390625,0.0,0.00814863108098507
1136,829.1987915039062,0.0,0.008147303014993668
1137,829.1987915039062,0.0,0.00814597588032484
1138,829.19873046875,0.0,0.008144648745656013
1139,829.19873046875,0.0,0.008143321610987186
1140,829.1986694335938,0.0,0.008141996338963509
1141,829.1986694335938,0.0,0.00814067106693983
1142,829.1986083984375,0.0,0.008139344863593578
1143,829.1986083984375,0.0,0.008138020522892475
1144,829.1985473632812,0.0,0.008136696182191372
1145,829.1985473632812,0.0,0.008135372772812843
1146,829.198486328125,0.0,0.00813404843211174
1147,829.1984252929688,0.0,0.008132725954055786
1148,829.1984252929688,0.0,0.008131403475999832
1149,829.1983642578125,0.0,0.008130080997943878
1150,829.1983642578125,0.0,0.008128759451210499
1151,829.1983032226562,0.0,0.00812743790447712
1152,829.1982421875,0.0,0.008126117289066315
1153,829.1982421875,0.0,0.00812479667365551
1154,829.1981811523438,0.0,0.00812347698956728
1155,829.1981201171875,0.0,0.00812215730547905
1156,829.1981201171875,0.0,0.00812083762139082
1157,829.1980590820312,0.0,0.008119518868625164
1158,829.197998046875,0.0,0.008118201047182083
1159,829.1979370117188,0.0,0.008116883225739002
1160,829.1979370117188,0.0,0.008115565404295921
1161,829.1978759765625,0.0,0.008114248514175415
1162,829.1978149414062,0.0,0.008112931624054909
1163,829.19775390625,0.0,0.008111615665256977
1164,829.1976928710938,0.0,0.008110299706459045
1165,829.1976318359375,0.0,0.008108984678983688
1166,829.1976318359375,0.0,0.008107669651508331
1167,829.1975708007812,0.0,0.008106354624032974
1168,829.197509765625,0.0,0.008105041459202766
1169,829.1974487304688,0.0,0.008103727363049984
1170,829.1973876953125,0.0,0.008102414198219776
1171,829.1973266601562,0.0,0.008101101033389568
1172,829.197265625,0.0,0.00809978973120451
1173,829.1972045898438,0.0,0.008098477497696877
1174,829.1971435546875,0.0,0.008097165264189243
1175,829.1970825195312,0.0,0.00809585489332676
1176,829.1969604492188,0.0,0.008094544522464275
1177,829.1968994140625,0.0,0.008093234151601791
1178,829.1968383789062,0.0,0.008091923780739307
1179,829.19677734375,0.0,0.008090614341199398
1180,829.1966552734375,0.0,0.008089305832982063
1181,829.1965942382812,0.0,0.008087997324764729
1182,829.196533203125,0.0,0.008086688816547394
1183,829.1964111328125,0.0,0.008085382170975208
1184,829.1963500976562,0.0,0.008084074594080448
1185,829.1962280273438,0.0,0.008082767017185688
1186,829.1961059570312,0.0,0.008081460371613503
1187,829.196044921875,0.0,0.008080155588686466
1188,829.1959228515625,0.0,0.00807884894311428
1189,829.19580078125,0.0,0.008077544160187244
1190,829.1956787109375,0.0,0.008076240308582783
1191,829.195556640625,0.0,0.008074935525655746
1192,829.1954345703125,0.0,0.008073631674051285
1193,829.1952514648438,0.0,0.008072327822446823
1194,829.1951293945312,0.0,0.008071024902164936
1195,829.1949462890625,0.0,0.008069721981883049
1196,829.19482421875,0.0,0.008068419992923737
1197,829.1946411132812,0.0,0.008067118935286999
1198,829.1943969726562,0.0,0.008065816946327686
1199,829.1942138671875,0.0,0.008064515888690948
1200,829.1939697265625,0.0,0.00806321483105421
1201,829.1937866210938,0.0,0.008061915636062622
1202,829.1934814453125,0.0,0.008060615509748459
1203,829.1932373046875,0.0,0.00805931631475687
1204,829.1929321289062,0.0,0.008058018051087856
1205,829.1925659179688,0.0,0.008056718856096268
1206,829.1921997070312,0.0,0.008055421523749828
1207,829.1918334960938,0.0,0.008054123260080814
1208,829.1913452148438,0.0,0.00805282685905695
1209,829.1908569335938,0.0,0.00805152952671051
1210,829.1903076171875,0.0,0.008050233125686646
1211,829.1896362304688,0.0,0.008048937655985355
1212,829.1889038085938,0.0,0.008047642186284065
1213,829.1880493164062,0.0,0.008046346716582775
1214,829.1870727539062,0.0,0.00804505217820406
1215,829.1859741210938,0.0,0.008043758571147919
1216,829.1846313476562,0.0,0.008042464032769203
1217,829.1829833984375,0.0,0.008041170425713062
1218,829.1810913085938,0.0,0.008039877749979496
1219,829.1787109375,0.0,0.00803858507424593
1220,829.17578125,0.0,0.008037293329834938
1221,829.172119140625,0.0,0.008036000654101372
1222,829.16748046875,0.0,0.008034709841012955
1223,829.16162109375,0.0,0.008033419027924538
1224,829.1541748046875,0.0,0.00803212821483612
1225,829.1450805664062,0.0,0.008030838333070278
1226,829.1343383789062,0.0,0.008029548451304436
1227,829.1227416992188,0.0,0.008028259500861168
1228,829.1116333007812,0.0,0.0080269705504179
1229,829.1017456054688,0.0,0.008025681599974632
1230,829.0922241210938,0.0,0.008024394512176514
1231,829.0817260742188,0.0,0.00802310649305582
1232,829.0701904296875,0.0,0.008021819405257702
1233,829.0587768554688,0.0,0.008020532317459583
1234,829.0484008789062,0.0,0.00801924616098404
1235,829.038330078125,0.0,0.008017960004508495
1236,829.0264282226562,0.0,0.008016673848032951
1237,829.010009765625,0.0,0.008015389554202557
1238,828.9874877929688,0.0,0.008014104329049587
1239,828.9585571289062,0.0,0.008012820035219193
1240,828.9239501953125,0.0,0.008011536672711372
1241,828.885498046875,0.0,0.008010253310203552
1242,828.8479614257812,0.0,0.008008969947695732
1243,828.818115234375,0.0,0.008007686585187912
1244,828.7988891601562,0.0,0.008006405085325241
1245,828.787841796875,0.0,0.00800512358546257
1246,828.781494140625,0.0,0.008003841154277325
1247,828.7769775390625,0.0,0.008002561517059803
1248,828.7717895507812,0.0,0.008001280017197132
1249,828.763671875,0.0,0.007999999448657036
1250,828.7517700195312,0.0,0.007998719811439514
1251,828.7362670898438,0.0,0.007997440174221992
1252,828.718017578125,0.0,0.007996161468327045
1253,828.6981201171875,0.0,0.007994882762432098
1254,828.6774291992188,0.0,0.007993604987859726
1255,828.6567993164062,0.0,0.007992327213287354
1256,828.6365356445312,0.0,0.007991049438714981
1257,828.6162719726562,0.0,0.007989772595465183
1258,828.5958251953125,0.0,0.007988495752215385
1259,828.5751953125,0.0,0.007987220771610737
1260,828.5549926757812,0.0,0.007985944859683514
1261,828.5359497070312,0.0,0.007984669879078865
1262,828.5173950195312,0.0,0.007983394898474216
1263,828.4981689453125,0.0,0.007982119917869568
1264,828.4779052734375,0.0,0.007980845868587494
1265,828.4564208984375,0.0,0.00797957181930542
1266,828.4324340820312,0.0,0.00797829870134592
1267,828.4049682617188,0.0,0.007977025583386421
1268,828.3745727539062,0.0,0.007975753396749496
1269,828.3424072265625,0.0,0.007974482141435146
1270,828.3087158203125,0.0,0.007973209954798222
1271,828.2740478515625,0.0,0.007971938699483871
1272,828.24072265625,0.0,0.007970667444169521
1273,828.2105102539062,0.0,0.007969397120177746
1274,828.183349609375,0.0,0.007968127727508545
1275,828.1578979492188,0.0,0.00796685740351677
1276,828.1325073242188,0.0,0.007965588942170143
1277,828.1058349609375,0.0,0.007964319549500942
1278,828.0773315429688,0.0,0.007963051088154316
1279,828.0471801757812,0.0,0.00796178262680769
